name,num_patterns,log_patterns,num_classes,num_features,log_features,num_patterns_with_missing_values,perc_patterns_with_missing_values,num_features_with_missing_values,perc_features_with_missing_values,num_missing_values,perc_missing_values,num_numerical,num_categorical,ratio_num_cat,ratio_cat_num,dataset_dimensionality,dataset_dimensionality_log,inverse_dataset_dimensionality,inverse_dataset_dimensionality_log,class_prob_min,class_prob_max,class_prob_mean,class_prob_std,class_entropy,categorical_min,categorical_max,categorical_mean,categorical_std,categorical_total,kurtosis_min,kurtosis_max,kurtosis_mean,kurtosis_std,skewness_min,skewness_max,skewness_mean,skewness_std,pca_95_index,pca_skewness,pca_kurtosis
abalone,4177,12.028251428162793,3,8,3.0,0,0.0,0,0.0,0,0.0,8,0,1,0.0,8,3.0,0.125,0.3333333333333333,0.3167344984438592,0.34642087622695716,0.3333333333333333,0.015151473033348765,1.5839636149471126,0,0,0.0,0.0,0,-1.5360722234281803,76.0258154240152,9.462038665967789,26.903780144451833,-0.6398733025556005,3.1288255663333646,0.553205452225371,1.1749514352068091,3,0.024496950182959824,-0.4719279970427577
acute-inflammation,120,6.906890595608519,2,6,2.584962500721156,0,0.0,0,0.0,0,0.0,6,0,1,0.0,6,2.584962500721156,0.16666666666666666,0.38685280723454163,0.49166666666666664,0.5083333333333333,0.5,0.01178511301977579,0.999799616411146,0,0,0.0,0.0,0,-2.033028876266876,-0.5150107726199087,-1.5729202078330384,0.5602158188835651,-0.7160891584500886,1.222233240375931,0.10873571759401053,0.6608949229059878,5,0.8675063796746196,-0.836118590504614
acute-nephritis,120,6.906890595608519,2,7,2.807354922057604,0,0.0,0,0.0,0,0.0,7,0,1,0.0,7,2.807354922057604,0.14285714285714285,0.3562071871080222,0.4166666666666667,0.5833333333333334,0.5,0.11785113019775793,0.9798687566511528,0,0,0.0,0.0,0,-2.033028876266876,-0.5150107726199087,-1.6386500176093008,0.5401644734326003,-0.7160891584500886,1.222233240375931,0.09802510880559187,0.6039769056733513,5,0.03331715255807948,-1.5425361351116502
annealing,898,9.810571634741146,5,31,4.954196310386875,0,0.0,0,0.0,0,0.0,31,0,1,0.0,31,4.954196310386875,0.03225806451612903,0.20184908658209985,0.008908685968819599,0.7616926503340757,0.2,0.3162118837219235,1.1898338562043977,0,0,0.0,0.0,0,-1.9744218858105878,897.7482714527063,84.44697445321688,177.9660462337057,-29.960358794459868,12.287720244925591,-1.6691929709528701,9.114838178632597,2,5.880454739310409,34.87331054969297
arrhythmia,452,8.820178962415188,13,262,8.03342300153745,0,0.0,0,0.0,0,0.0,262,0,1,0.0,262,8.03342300153745,0.003816793893129771,0.12447993835362813,0.004424778761061947,0.5420353982300885,0.07692307692307693,0.1436752130102376,2.401386300219465,0,0,0.0,0.0,0,-1.966579865418572,452.0000000000004,84.52961113424539,127.61903632820855,-21.2602916254693,21.260291625469335,4.125842390786312,7.923298663679755,103,-0.45653677375465485,1.0245407858695388
audiology-std,196,7.614709844115208,18,59,5.882643049361842,0,0.0,0,0.0,0,0.0,59,0,1,0.0,59,5.882643049361842,0.01694915254237288,0.16999161628691403,0.01020408163265306,0.23979591836734693,0.05555555555555555,0.07297437464920722,3.2642515243809704,0,0,0.0,0.0,0,-1.7596301467321087,195.701658880493,84.40331078998571,83.48678491977299,-4.060107964445631,13.984142283729415,7.537694809110777,5.364633071292819,45,0.2989159586379025,0.07764708844255352
balance-scale,625,9.287712379549449,3,4,2.0,0,0.0,0,0.0,0,0.0,4,0,1,0.0,4,2.0,0.25,0.5,0.0784,0.4608,0.3333333333333333,0.2207787429381129,1.318116246441582,0,0,0.0,0.0,0,-1.3007998089160655,-1.3007998089160644,-1.3007998089160648,5.874748045952207e-16,-9.138792277019453e-17,2.2846980692548633e-17,-1.7135235519411474e-17,5.0659884753763924e-17,4,-9.138792277019453e-17,-1.3007998089160644
bank,4521,12.14242620231898,2,16,4.0,0,0.0,0,0.0,0,0.0,16,0,1,0.0,16,4.0,0.0625,0.25,0.11523999115239991,0.8847600088476001,0.5,0.5441328227710681,0.5155217894467282,0,0,0.0,0.0,0,-1.9298196867678308,88.38990982009001,15.602018409850105,27.354568412439427,-7.5194053232776,6.596418112250194,1.0465353823546453,3.312366728558562,14,1.9799083730276188,3.4657717628636138
blood,748,9.546894459887637,2,4,2.0,0,0.0,0,0.0,0,0.0,4,0,1,0.0,4,2.0,0.25,0.5,0.23796791443850268,0.7620320855614974,0.5,0.3705693291779768,0.7916446298452327,0,0,0.0,0.0,0,-0.24563246017567142,15.876158434929145,10.224512910922899,7.620154636859125,0.7494511425549032,3.2112659274616853,2.2631119444819285,1.18821712750844,3,2.3878258314905643,9.527793329897646
breast-cancer,286,8.159871336778389,2,9,3.169925001442312,0,0.0,0,0.0,0,0.0,9,0,1,0.0,9,3.169925001442312,0.1111111111111111,0.31546487678572877,0.2972027972027972,0.7027972027972028,0.5,0.28679855460713116,0.8778446951746506,0,0,0.0,0.0,0,-1.9979453284763167,10.137772541047578,0.8511814699043939,3.6985718742022398,-1.8239717562303326,2.9249539961779156,0.05899076506153486,1.351523912389897,8,1.0092664530923483,0.5174270789808375
breast-cancer-wisc,699,9.449148645375436,2,9,3.169925001442312,0,0.0,0,0.0,0,0.0,9,0,1,0.0,9,3.169925001442312,0.1111111111111111,0.31546487678572877,0.3447782546494993,0.6552217453505007,0.5,0.21951669744990102,0.9293179372497982,0,0,0.0,0.0,0,-0.7334141250322785,12.65787229995842,1.6913836616899083,4.2034412231803495,0.5928568726864801,3.5606570422426023,1.4803324412657095,0.8439196596974269,7,0.9923074482601932,-0.3656883857687987
breast-cancer-wisc-diag,569,9.152284842306582,2,30,4.906890595608519,0,0.0,0,0.0,0,0.0,30,0,1,0.0,30,4.906890595608519,0.03333333333333333,0.2037950470905062,0.37258347978910367,0.6274165202108963,0.5,0.18019417095263515,0.9526351224018599,0,0,0.0,0.0,0,-0.5355351258449472,49.20874809040288,7.814733777873742,12.875091736814541,0.41542681005783594,5.447166321280845,1.7404066302791383,1.2787286860132232,10,1.0564234155885857,0.9139807970288083
breast-cancer-wisc-prog,198,7.6293566200796095,2,33,5.044394119358453,0,0.0,0,0.0,0,0.0,33,0,1,0.0,33,5.044394119358453,0.030303030303030304,0.19823986317056053,0.23737373737373738,0.7626262626262627,0.5,0.37140962244141895,0.790645551054681,0,0,0.0,0.0,0,-0.8088498314419281,26.46976247167222,2.746309770432014,4.686029249289036,-0.14784539291640147,3.905349953333348,1.122591465859304,0.7762420657939924,13,0.5208761565075058,0.43699085322685427
breast-tissue,106,6.727920454563199,6,9,3.169925001442312,0,0.0,0,0.0,0,0.0,9,0,1,0.0,9,3.169925001442312,0.1111111111111111,0.31546487678572877,0.1320754716981132,0.20754716981132076,0.16666666666666666,0.030811191733121742,2.5646078191172523,0,0,0.0,0.0,0,-0.22904992171123384,63.33471783464087,10.262757329420383,20.311552564496203,0.8910286353881806,7.270208697474171,2.2860208442089713,1.9816161011740168,4,2.1147741530965205,6.619446938136708
car,1728,10.754887502163468,4,6,2.584962500721156,0,0.0,0,0.0,0,0.0,6,0,1,0.0,6,2.584962500721156,0.16666666666666666,0.38685280723454163,0.03761574074074074,0.7002314814814815,0.25,0.31236529732861545,1.2057409700121753,0,0,0.0,0.0,0,-1.5008690614136728,-1.1541514267442339,-1.396281096710206,0.13711924386799873,-0.4350322063143128,0.0,-0.07250536771905212,0.17760115452454073,6,-0.435032206314312,-1.1541514267442352
cardiotocography-10clases,2126,11.053925881531105,10,21,4.392317422778761,0,0.0,0,0.0,0,0.0,21,0,1,0.0,21,4.392317422778761,0.047619047619047616,0.227670248696953,0.02492944496707432,0.27234242709313267,0.1,0.08207275433163867,2.913356388291818,0,0,0.0,0.0,0,-1.290422650186994,299.4241424744996,21.28526682986016,65.54447899589739,-0.9951785021311518,17.353456855396786,2.1127966569671077,4.059590762400486,14,-0.6011974451728613,0.40355401044421324
cardiotocography-3clases,2126,11.053925881531105,3,21,4.392317422778761,0,0.0,0,0.0,0,0.0,21,0,1,0.0,21,4.392317422778761,0.047619047619047616,0.227670248696953,0.08278457196613359,0.7784571966133584,0.3333333333333333,0.38650317318772354,0.9742047584181182,0,0,0.0,0.0,0,-1.290422650186994,299.4241424744996,21.28526682986016,65.54447899589739,-0.9951785021311518,17.353456855396786,2.1127966569671077,4.059590762400486,14,-0.6011974451728613,0.40355401044421324
chess-krvkp,3196,11.642051692927977,2,36,5.169925001442312,0,0.0,0,0.0,0,0.0,36,0,1,0.0,36,5.169925001442312,0.027777777777777776,0.19342640361727081,0.47778473091364204,0.522215269086358,0.5,0.03141713483369518,0.9985755386554581,0,0,0.0,0.0,0,-1.9769837114360713,3195.999999999998,111.17104576270975,532.2512967367547,-1.0580794964552065,56.53317610041022,4.4450856302751784,9.793196531735793,30,0.563271749916421,-0.6611120011265381
congressional-voting,435,8.76487159073609,2,16,4.0,0,0.0,0,0.0,0,0.0,16,0,1,0.0,16,4.0,0.0625,0.25,0.38620689655172413,0.6137931034482759,0.5,0.16092775020107633,0.9623080486960709,0,0,0.0,0.0,0,-0.4950184132237063,57.835614923053704,22.3577777639423,14.59952896667738,1.2277128106370214,7.718142420336652,4.6773664236971095,1.5923975452326238,15,6.052878926980987,48.564232527599735
conn-bench-sonar-mines-rocks,208,7.700439718141092,2,60,5.906890595608519,0,0.0,0,0.0,0,0.0,60,0,1,0.0,60,5.906890595608519,0.016666666666666666,0.16929380759878143,0.46634615384615385,0.5336538461538461,0.5,0.047593725656786844,0.9967295890208365,0,0,0.0,0.0,0,-1.210104376950508,20.73613136668287,2.2767769027889386,4.298357671132806,-0.788908668649709,3.401698776879239,0.9672196762243274,0.9532163385768209,30,1.0386334528792234,0.6809822757218065
conn-bench-vowel-deterding,990,9.951284714966972,11,11,3.4594316186372973,0,0.0,0,0.0,0,0.0,11,0,1,0.0,11,3.4594316186372973,0.09090909090909091,0.2890648263178879,0.09090909090909091,0.09090909090909091,0.09090909090909091,0.0,3.4594316186372978,0,0,0.0,0.0,0,-1.9649780649095965,0.24887375254555488,-0.5298864453151673,0.557442795441882,-0.28243191684526586,0.3430469419067527,0.032420681543001234,0.19351849608395455,8,-0.0418635681881806,-1.104845017426448
contrac,1473,10.524541715035848,3,9,3.169925001442312,0,0.0,0,0.0,0,0.0,9,0,1,0.0,9,3.169925001442312,0.1111111111111111,0.31546487678572877,0.22606924643584522,0.4270196877121521,0.3333333333333333,0.10116094146234016,1.5390345832497476,0,0,0.0,0.0,0,-1.3249879384735055,8.627000003255937,0.9309261545387716,3.1047938576197724,-1.9695003000354028,3.258111159461172,-0.13558198328755675,1.5613979147516903,8,-0.6435823466135058,-0.09721168786895218
credit-approval,690,9.430452551665532,2,15,3.9068905956085187,0,0.0,0,0.0,0,0.0,15,0,1,0.0,15,3.9068905956085187,0.06666666666666667,0.2559580248098155,0.4449275362318841,0.5550724637681159,0.5,0.07788422517417042,0.9912308989033521,0,0,0.0,0.0,0,-1.997137833690224,214.6697640200886,20.003622119803627,55.56997018283213,-0.807942639001048,13.140648859466795,2.1693973441199157,3.4193244912150624,13,-0.5267025566171395,0.5528667464252073
cylinder-bands,512,9.0,2,35,5.129283016944966,0,0.0,0,0.0,0,0.0,35,0,1,0.0,35,5.129283016944966,0.02857142857142857,0.1949590218937863,0.390625,0.609375,0.5,0.15467960838455727,0.9652016987500656,0,0,0.0,0.0,0,-1.9396033888332849,215.7995831093524,20.64974209563515,44.12838480336835,-14.250777290763445,11.851186767066446,-0.40596484264292054,4.360960039437625,26,-3.403426894890273,14.134062310637274
dermatology,366,8.515699838284043,6,34,5.087462841250339,0,0.0,0,0.0,0,0.0,34,0,1,0.0,34,5.087462841250339,0.029411764705882353,0.1965616322328226,0.0546448087431694,0.30601092896174864,0.16666666666666666,0.08312479505926303,2.4325972738896064,0,0,0.0,0.0,0,-1.415594507732509,23.45242046898293,2.50353024002266,5.517712143287072,-0.3934885165799629,4.778513746765293,1.4016504474458162,1.2965915085253852,22,0.43851842286019505,-0.5382892991320256
echocardiogram,131,7.03342300153745,2,10,3.321928094887362,0,0.0,0,0.0,0,0.0,10,0,1,0.0,10,3.321928094887362,0.1,0.3010299956639812,0.3282442748091603,0.6717557251908397,0.5,0.24289927598011177,0.9131224909094169,0,0,0.0,0.0,0,-0.4493893622611531,9.246356607692881,2.876250496928157,3.306062316171627,-2.5797930405388603,1.6569072427652276,0.11486931556816316,1.4561014532822847,9,1.21176336774693,1.9071160533309541
ecoli,336,8.39231742277876,8,7,2.807354922057604,0,0.0,0,0.0,0,0.0,7,0,1,0.0,7,2.807354922057604,0.14285714285714285,0.3562071871080222,0.005952380952380952,0.4255952380952381,0.125,0.14505466838029737,2.188745583191225,0,0,0.0,0.0,0,-1.0447519375897816,336.0000000000001,51.976031460519756,125.7216621972105,-0.1659564843206683,18.330302779823363,3.6055010074844946,6.79192907380191,6,0.17134107114622635,-1.1101161878615293
energy-y1,768,9.584962500721156,3,8,3.0,0,0.0,0,0.0,0,0.0,8,0,1,0.0,8,3.0,0.125,0.3333333333333333,0.17838541666666666,0.46875,0.3333333333333333,0.14616429149592916,1.4863167972691065,0,0,0.0,0.0,0,-2.0052287581699346,0.11659095588716983,-1.1586233695193653,0.6556418734479782,-0.1627645931048401,0.5334138527804265,0.07401165460274445,0.27771765479362426,5,-0.14900922014643858,-1.5938801279525578
energy-y2,768,9.584962500721156,3,8,3.0,0,0.0,0,0.0,0,0.0,8,0,1,0.0,8,3.0,0.125,0.3333333333333333,0.24609375,0.4986979166666667,0.3333333333333333,0.1432824238107741,1.5011776432971693,0,0,0.0,0.0,0,-2.0052287581699346,0.11659095588716983,-1.1586233695193653,0.6556418734479782,-0.1627645931048401,0.5334138527804265,0.07401165460274445,0.27771765479362426,5,-0.14900922014643858,-1.5938801279525578
fertility,100,6.643856189774724,2,9,3.169925001442312,0,0.0,0,0.0,0,0.0,9,0,1,0.0,9,3.169925001442312,0.1111111111111111,0.31546487678572877,0.12,0.88,0.5,0.5374011537017761,0.5293608652873644,0,0,0.0,0.0,0,-2.039553460769959,3.051597734447768,-0.27007729515930284,1.6165882577100703,-2.2340451136054758,0.7756221831567929,-0.043857862486312404,0.9636436508121413,9,0.2833233887470622,-0.49612885137137663
flags,194,7.599912842187128,8,28,4.807354922057604,0,0.0,0,0.0,0,0.0,28,0,1,0.0,28,4.807354922057604,0.03571428571428571,0.20801459767650948,0.020618556701030927,0.30927835051546393,0.12499999999999999,0.10385396459487134,2.5463397438548068,0,0,0.0,0.0,0,-2.019196511825336,82.04836073661117,11.164950618859965,23.50363988302368,-1.4251437405615774,8.569588010963471,2.0701271305148654,2.5068564669327005,22,1.6467894431914814,2.9934267407303197
glass,214,7.741466986401147,6,9,3.169925001442312,0,0.0,0,0.0,0,0.0,9,0,1,0.0,9,3.169925001442312,0.1111111111111111,0.31546487678572877,0.04205607476635514,0.35514018691588783,0.16666666666666663,0.13898760091092968,2.1765339923982006,0,0,0.0,0.0,0,-0.4103174132581935,54.68973125200486,9.9085452059227,17.187305818709728,-1.1525601127159628,6.551650521028267,1.652594272164201,2.3134927320190317,6,0.4352748782736174,2.628875377338216
haberman-survival,306,8.257387842692651,2,3,1.584962500721156,0,0.0,0,0.0,0,0.0,3,0,1,0.0,3,1.584962500721156,0.3333333333333333,0.6309297535714575,0.2647058823529412,0.7352941176470589,0.5,0.3327561323230812,0.833764907210665,0,0,0.0,0.0,0,-1.118824688511397,11.730871612151628,3.34088449032744,7.270762496922598,0.07875251847758108,2.9838228360686396,1.0696932551018754,1.6580309464168461,3,-0.14753591414378306,0.4860765504242268
hayes-roth,160,7.321928094887363,3,3,1.584962500721156,0,0.0,0,0.0,0,0.0,3,0,1,0.0,3,1.584962500721156,0.3333333333333333,0.6309297535714575,0.19375,0.40625,0.3333333333333333,0.12092309884109542,1.5154656357070957,0,0,0.0,0.0,0,-0.4991111045481529,-0.49911110454815244,-0.4991111045481526,2.5739461938222585e-16,0.6470602906181757,0.6470602906181758,0.6470602906181757,7.850462293418876e-17,3,1.1153639339246249,0.6764672650873784
heart-cleveland,303,8.243173983472952,5,13,3.700439718141092,0,0.0,0,0.0,0,0.0,13,0,1,0.0,13,3.700439718141092,0.07692307692307693,0.27023815442731974,0.0429042904290429,0.5412541254125413,0.19999999999999998,0.19698021944692468,1.845942184852313,0,0,0.0,0.0,0,-1.999330655836867,4.491727508995126,0.07577106216880768,1.8102739633611034,-0.8417550047663702,1.9866519309144524,0.415475001608676,0.8684591125449923,12,0.280589765672667,-0.7987650561944144
heart-hungarian,294,8.199672344836364,2,12,3.584962500721156,0,0.0,0,0.0,0,0.0,12,0,1,0.0,12,3.584962500721156,0.08333333333333333,0.27894294565112987,0.36054421768707484,0.6394557823129252,0.5,0.1972202586982888,0.9431340036829803,0,0,0.0,0.0,0,-1.4222976463563395,9.961947748524114,2.4994889196069976,4.017478596079088,-1.0101043560171885,3.44880040870459,0.7229339052384676,1.4994435078315596,10,0.6304096985827428,-0.7926901632225118
heart-switzerland,123,6.94251450533924,5,12,3.584962500721156,0,0.0,0,0.0,0,0.0,12,0,1,0.0,12,3.584962500721156,0.08333333333333333,0.27894294565112987,0.04065040650406504,0.3902439024390244,0.2,0.1460702093104111,1.9758920795074686,0,0,0.0,0.0,0,-1.9704182802997026,27.66405133349048,5.6397211457966945,9.333706802226901,-3.102023643776657,5.2942753801456535,0.30448292463887466,2.5175237010960974,11,-0.7523826250771183,1.115719191383675
heart-va,200,7.643856189774724,5,12,3.584962500721156,0,0.0,0,0.0,0,0.0,12,0,1,0.0,12,3.584962500721156,0.08333333333333333,0.27894294565112987,0.05,0.28,0.2,0.08951256894984079,2.1745471249212494,0,0,0.0,0.0,0,-2.010024291616597,29.1169584800858,2.0195750136493884,8.63056426071118,-5.55210543582121,1.905183565842845,-0.4308894529397689,1.8569296002415305,10,-0.30464096661968426,-1.2372938579674682
hepatitis,155,7.2761244052742375,2,19,4.247927513443585,0,0.0,0,0.0,0,0.0,19,0,1,0.0,19,4.247927513443585,0.05263157894736842,0.23540891336663824,0.2064516129032258,0.7935483870967742,0.5,0.41514011024500536,0.7346451526501956,0,0,0.0,0.0,0,-1.9872518666909493,13.990104826295257,2.2932156610518803,4.2378491051635825,-2.608783812515452,3.159754451668902,-0.29963851950716164,1.7442028504635263,16,-1.3978316490293619,3.0524501432260602
hill-valley,1212,10.243173983472952,2,100,6.643856189774724,0,0.0,0,0.0,0,0.0,100,0,1,0.0,100,6.643856189774724,0.01,0.1505149978319906,0.5,0.5,0.5,0.0,1.0,0,0,0.0,0.0,0,19.786603042092253,29.285706402310826,22.421898545891995,1.5286997151459496,4.267612868005033,4.841159633828573,4.454459264783607,0.09762736034687185,1,4.400240226405108,21.603759978251304
horse-colic,368,8.523561956057012,2,25,4.643856189774724,0,0.0,0,0.0,0,0.0,25,0,1,0.0,25,4.643856189774724,0.04,0.21533827903669653,0.3695652173913043,0.6304347826086957,0.5,0.18446263857040374,0.9503376699710268,0,0,0.0,0.0,0,-1.6183944319958985,130.54977659450375,11.980306847800852,31.381446687735814,-0.5334278593334516,11.382185498661256,2.0567662592522002,2.73844825316077,1,8.81078816844968,96.07331761194523
ilpd-indian-liver,583,9.187352073200497,2,9,3.169925001442312,0,0.0,0,0.0,0,0.0,9,0,1,0.0,9,3.169925001442312,0.1111111111111111,0.31546487678572877,0.2864493996569468,0.7135506003430532,0.5,0.30200615525806235,0.8640904272487622,0,0,0.0,0.0,0,-0.5600669428699683,150.92072606643077,30.024798773922605,48.807924771480515,-0.2856721086463026,10.54620777870114,3.2696824138282925,3.6607570421794966,6,-1.4036471535118935,3.5795049876611036
image-segmentation,2310,11.17367713630342,7,18,4.169925001442312,0,0.0,0,0.0,0,0.0,18,0,1,0.0,18,4.169925001442312,0.05555555555555555,0.23981246656813146,0.14285714285714285,0.14285714285714285,0.14285714285714282,2.997944808332385e-17,2.807354922057604,0,0,0.0,0.0,0,-1.2459870174052763,371.0320929985109,65.3112684599532,123.45734732819034,-0.9707828204006064,17.356834768626975,4.366949326212944,6.175534283725561,4,1.0776691588308795,0.39887808674289493
ionosphere,351,8.45532722030456,2,33,5.044394119358453,0,0.0,0,0.0,0,0.0,33,0,1,0.0,33,5.044394119358453,0.030303030303030304,0.19823986317056053,0.358974358974359,0.6410256410256411,0.5,0.19944037418082114,0.9418285354475157,0,0,0.0,0.0,0,-0.6709232208655704,4.4382647948722465,0.3611271439075288,1.0933617923162267,-2.5323916927734973,0.11264972740916876,-0.5844740191505452,0.6487619908602069,23,-0.2532433607456044,-1.2447795911954866
iris,150,7.22881869049588,3,4,2.0,0,0.0,0,0.0,0,0.0,4,0,1,0.0,4,2.0,0.25,0.5,0.3333333333333333,0.3333333333333333,0.3333333333333333,0.0,1.584962500721156,0,0,0.0,0.0,0,-1.4019197413372295,0.29077874177751273,-0.7507398412348893,0.7948172978733082,-0.27446377046005527,0.33405269959857115,0.06737603576809646,0.3049351240579203,2,-0.2628001577801413,-1.373279617328825
led-display,1000,9.965784284662087,10,7,2.807354922057604,0,0.0,0,0.0,0,0.0,7,0,1,0.0,7,2.807354922057604,0.14285714285714285,0.3562071871080222,0.084,0.111,0.1,0.007803133273813083,3.3179244604883187,0,0,0.0,0.0,0,-1.875505665027625,1.0986517981928627,-0.9905346325178269,1.0737149231925613,-1.7596756787003347,0.3581191949951825,-0.7838267531761206,0.680620116770368,7,-0.5064474226511527,-0.7500809951272287
lenses,24,4.584962500721156,3,4,2.0,0,0.0,0,0.0,0,0.0,4,0,1,0.0,4,2.0,0.25,0.5,0.16666666666666666,0.625,0.3333333333333333,0.2534484387624258,1.3260875253642983,0,0,0.0,0.0,0,-2.1904761904761907,-1.568181818181818,-2.0349025974025974,0.3111471861471864,0.0,0.0,0.0,0.0,4,0.0,-1.5681818181818186
libras,360,8.491853096329674,15,90,6.491853096329675,0,0.0,0,0.0,0,0.0,90,0,1,0.0,90,6.491853096329675,0.011111111111111112,0.15403922195426356,0.06666666666666667,0.06666666666666667,0.06666666666666667,0.0,3.906890595608518,0,0,0.0,0.0,0,-1.0273185042289756,-0.24547691707676655,-0.7081788857803605,0.19429372130026643,-0.4673216214929233,0.19199541439975237,-0.18738160478691945,0.1719219315400453,9,-0.4000897559136673,-0.9685254135305126
low-res-spect,531,9.052568050804153,9,100,6.643856189774724,0,0.0,0,0.0,0,0.0,100,0,1,0.0,100,6.643856189774724,0.01,0.1505149978319906,0.003766478342749529,0.519774011299435,0.1111111111111111,0.17002166515366499,1.9494968567570696,0,0,0.0,0.0,0,-1.1756728015134397,298.2293298939493,8.728857308013522,29.646584925324184,-1.7672940107410224,15.423150386010306,1.1151782327544486,2.2947788513994514,7,2.4044883474998144,6.459003538837453
lung-cancer,32,5.0,3,56,5.807354922057604,0,0.0,0,0.0,0,0.0,56,0,1,0.0,56,5.807354922057604,0.017857142857142856,0.17219543379409813,0.28125,0.40625,0.3333333333333333,0.06505206248331666,1.5670524281972302,0,0,0.0,0.0,0,-2.0632731253420906,32.00000000000001,1.6884155029163563,5.297439340809836,-2.380876189257104,5.65685424949238,0.158349112715069,1.4516220288089983,21,-1.9884725906224516,4.547939129374592
lymphography,148,7.20945336562895,4,18,4.169925001442312,0,0.0,0,0.0,0,0.0,18,0,1,0.0,18,4.169925001442312,0.05555555555555555,0.23981246656813146,0.013513513513513514,0.5472972972972973,0.24999999999999997,0.2710012637021669,1.2276775019465804,0,0,0.0,0.0,0,-2.0268303168738386,29.749468223686627,2.478579958954242,8.337359936952303,-1.442651204679658,5.4423619459318235,0.7558812290288617,1.880503402201211,15,0.5346613012846884,1.2077086022831107
mammographic,961,9.90839262077375,2,5,2.321928094887362,0,0.0,0,0.0,0,0.0,5,0,1,0.0,5,2.321928094887362,0.2,0.43067655807339306,0.4630593132154006,0.5369406867845994,0.5,0.052242020254157015,0.9960589654112922,0,0,0.0,0.0,0,-1.560325209459861,666.5962273145318,133.70538162383338,297.9055346525774,-2.413619279405381,23.449516776549192,4.0714022485132695,10.874834771129963,5,0.038714183901921,-0.5002372102413113
molec-biol-promoter,106,6.727920454563199,2,57,5.832890014164741,0,0.0,0,0.0,0,0.0,57,0,1,0.0,57,5.832890014164741,0.017543859649122806,0.17144160057391347,0.5,0.5,0.5,0.0,1.0,0,0,0.0,0.0,0,-1.643030689755112,-0.3891006302309936,-1.3623561837247962,0.1992777576129524,-0.6388861631948437,0.4853278830059754,-0.03682014787341884,0.25067143370948086,43,-0.132430436889064,-0.2366925023638684
molec-biol-splice,3190,11.639340708652231,3,60,5.906890595608519,0,0.0,0,0.0,0,0.0,60,0,1,0.0,60,5.906890595608519,0.016666666666666666,0.16929380759878143,0.24043887147335424,0.5188087774294671,0.3333333333333333,0.16062652283904474,1.4801700696136337,0,0,0.0,0.0,0,-1.3833740305673028,-0.26105119580932,-1.2639888958098764,0.16423983086883467,-0.668108846103986,0.6766489815887656,-0.018707322600318328,0.1683407199548081,56,-0.20092861465242412,-0.024664546846751456
monks-1,556,9.118941072723507,2,6,2.584962500721156,0,0.0,0,0.0,0,0.0,6,0,1,0.0,6,2.584962500721156,0.16666666666666666,0.38685280723454163,0.5,0.5,0.5,0.0,1.0,0,0,0.0,0.0,0,-1.4493496026617865,-0.9365096308345411,-1.145385232137355,0.21398205043782678,-0.09604564041601128,0.046639306405377084,-0.012597477219892893,0.05777466065258831,6,0.663815025221875,-0.3699790370253
monks-2,601,9.231221180711186,2,6,2.584962500721156,0,0.0,0,0.0,0,0.0,6,0,1,0.0,6,2.584962500721156,0.16666666666666666,0.38685280723454163,0.3427620632279534,0.6572379367720466,0.5,0.22236802270259148,0.9274373177990277,0,0,0.0,0.0,0,-1.5095988466827348,-1.0409096108216465,-1.2493817362535586,0.20422338189527378,-0.25622861693692195,-0.1148968024000169,-0.1837433266163603,0.05779712015253687,6,0.2558718056359962,-0.8012737676117969
monks-3,554,9.113742166049189,2,6,2.584962500721156,0,0.0,0,0.0,0,0.0,6,0,1,0.0,6,2.584962500721156,0.16666666666666666,0.38685280723454163,0.48014440433212996,0.51985559566787,0.5,0.028080052682498247,0.9988621511417834,0,0,0.0,0.0,0,-1.4063960269565168,-0.8650886400647559,-1.1020592808701561,0.2254312202097238,-0.06982174142581936,0.08664013257944786,0.013243033571807443,0.06236228850044027,6,0.6903155175146443,-0.30645894976088517
mushroom,8124,12.987974524296153,2,21,4.392317422778761,0,0.0,0,0.0,0,0.0,21,0,1,0.0,21,4.392317422778761,0.047619047619047616,0.227670248696953,0.48202855736090594,0.517971442639094,0.5,0.025415457915616908,0.9990678968724603,0,0,0.0,0.0,0,-1.9268461934638867,51.19144410763804,4.3404179398735945,13.186805980341324,-6.9469439677556695,2.701654574638108,-0.7465091259094219,2.225830033898634,15,-0.22982676917669193,-1.3265330201855405
musk-1,476,8.894817763307943,2,166,7.3750394313469245,0,0.0,0,0.0,0,0.0,166,0,1,0.0,166,7.3750394313469245,0.006024096385542169,0.13559249537698637,0.43487394957983194,0.5651260504201681,0.5,0.09210214376799566,0.9877270579926238,0,0,0.0,0.0,0,-1.588480221579563,215.73856856773375,3.662239382317499,22.26538392618448,-1.8306971084641768,13.575322807743358,0.2824180682776261,1.8701525890159085,35,-0.48550987184722566,-1.4245250969079228
oocytes_merluccius_nucleus_4d,1022,9.997179480937621,2,41,5.357552004618084,0,0.0,0,0.0,0,0.0,41,0,1,0.0,41,5.357552004618084,0.024390243902439025,0.18665241123894338,0.32974559686888455,0.6702544031311155,0.5,0.24077608596175984,0.9146662391723666,0,0,0.0,0.0,0,-1.1680068356745323,17.584789334919527,3.365776805760121,5.226610615118339,-2.8145650953391743,3.3048857882277156,0.7105366167758055,1.5765446371156147,5,-0.17173920208049456,-0.6213051320884535
oocytes_merluccius_states_2f,1022,9.997179480937621,3,25,4.643856189774724,0,0.0,0,0.0,0,0.0,25,0,1,0.0,25,4.643856189774724,0.04,0.21533827903669653,0.05968688845401174,0.6868884540117417,0.3333333333333333,0.3211456029754876,1.1167802316656497,0,0,0.0,0.0,0,-1.0534042427228865,10.566126031972289,2.402676770440118,4.157365802247834,-2.8145647070925763,2.9826481675422096,0.1967964768345135,1.4984203858008691,6,0.8107809185613233,0.7530061001724593
oocytes_trisopterus_nucleus_2f,912,9.832890014164741,2,25,4.643856189774724,0,0.0,0,0.0,0,0.0,25,0,1,0.0,25,4.643856189774724,0.04,0.21533827903669653,0.42214912280701755,0.5778508771929824,0.5,0.11009776636895804,0.9824409926603737,0,0,0.0,0.0,0,-0.8024443041728864,34.850967315722336,4.854940316097893,8.095216623719036,-3.4727657221222077,4.4118882940037265,0.39225700033743194,1.7559938408759213,8,1.0040432115656683,0.9141087054361776
oocytes_trisopterus_states_5b,912,9.832890014164741,3,32,5.0,0,0.0,0,0.0,0,0.0,32,0,1,0.0,32,5.0,0.03125,0.2,0.015350877192982455,0.5756578947368421,0.3333333333333333,0.2877135315799938,1.0786740224382176,0,0,0.0,0.0,0,-0.8024443041728864,34.850967315722336,4.268549474589478,7.357825617509313,-3.4727657221222077,4.4118882940037265,0.7504272803842233,1.6018789640414852,6,1.0469886878699646,0.8311076021061927
ozone,2536,11.308339030139408,2,72,6.169925001442312,0,0.0,0,0.0,0,0.0,72,0,1,0.0,72,6.169925001442312,0.013888888888888888,0.16207652439312228,0.028785488958990538,0.9712145110410094,0.5,0.6663979523012021,0.1882640931192251,0,0,0.0,0.0,0,-1.0668233338363022,77.71545773112105,2.2357598011884554,10.17014286031935,-4.8689920273674225,7.379281734366575,-0.2715911662661793,1.5514435523051353,19,-0.9483935027285486,0.2325016298442466
parkinsons,195,7.60733031374961,2,22,4.459431618637297,0,0.0,0,0.0,0,0.0,22,0,1,0.0,22,4.459431618637297,0.045454545454545456,0.22424382421757544,0.24615384615384617,0.7538461538461538,0.5,0.358992673525478,0.8051250074646821,0,0,0.0,0.0,0,-0.9217798713345005,21.99495049142635,5.519076207264813,6.459737020916268,-0.5143178895582982,4.220707450842918,1.6572694243254562,1.3352700807253408,8,1.9677158527062122,5.846584860901078
pima,768,9.584962500721156,2,8,3.0,0,0.0,0,0.0,0,0.0,8,0,1,0.0,8,3.0,0.125,0.3333333333333333,0.3489583333333333,0.6510416666666666,0.5,0.21360517348343622,0.9331343166407831,0,0,0.0,0.0,0,-0.5200684725151454,7.214266714604099,2.7753634883377734,2.9400958887446955,-1.8436077707603935,2.2722518893249477,0.5292464201277763,1.3267815004425696,8,0.18086471847604663,0.8533276209151603
pittsburg-bridges-MATERIAL,106,6.727920454563199,3,7,2.807354922057604,0,0.0,0,0.0,0,0.0,7,0,1,0.0,7,2.807354922057604,0.14285714285714285,0.3562071871080222,0.10377358490566038,0.7452830188679245,0.3333333333333333,0.35753762785760784,1.06704850257262,0,0,0.0,0.0,0,-1.064124558580847,2.3838188035647714,0.11082564287043135,1.2756099083077208,-1.5022093831106176,0.5080453862893913,-0.46213603850486545,0.7892312240802785,6,-0.4595539825882688,-0.10412386064572798
pittsburg-bridges-REL-L,103,6.6865005271832185,3,7,2.807354922057604,0,0.0,0,0.0,0,0.0,7,0,1,0.0,7,2.807354922057604,0.14285714285714285,0.3562071871080222,0.14563106796116504,0.5145631067961165,0.3333333333333333,0.18455116413441106,1.427199084279809,0,0,0.0,0.0,0,-1.0636388111695703,2.24914489029631,0.03044468905888526,1.201989884589988,-1.4604542021457514,0.3354199841256586,-0.4946082765719458,0.7162969871335224,7,-0.5642994240594562,-0.12698040622922901
pittsburg-bridges-SPAN,92,6.523561956057013,3,7,2.807354922057604,0,0.0,0,0.0,0,0.0,7,0,1,0.0,7,2.807354922057604,0.14285714285714285,0.3562071871080222,0.2391304347826087,0.5217391304347826,0.3333333333333333,0.16316420651011163,1.4768968337237893,0,0,0.0,0.0,0,-1.1170665584913448,1.8935722509628046,-0.07600745334428326,1.0624365754211553,-1.3444286198976494,0.4745660835007653,-0.4829534653491222,0.6793847752459115,6,-0.6887213925190733,-0.4260963362042447
pittsburg-bridges-T-OR-D,102,6.672425341971495,2,7,2.807354922057604,0,0.0,0,0.0,0,0.0,7,0,1,0.0,7,2.807354922057604,0.14285714285714285,0.3562071871080222,0.13725490196078433,0.8627450980392157,0.5,0.5129990373314168,0.5770042503157248,0,0,0.0,0.0,0,-1.0681372083331646,2.204821981111356,0.030304857306829636,1.1800262533465535,-1.4463299264111906,0.34937445970268666,-0.4878563851858909,0.7144006940498117,7,-0.5992387589243964,-0.17289758440674463
pittsburg-bridges-TYPE,105,6.714245517666122,6,7,2.807354922057604,0,0.0,0,0.0,0,0.0,7,0,1,0.0,7,2.807354922057604,0.14285714285714285,0.3562071871080222,0.09523809523809523,0.41904761904761906,0.16666666666666666,0.12530235541325166,2.3176028118111756,0,0,0.0,0.0,0,-1.0225251182589967,2.4822884341045697,0.12635699525035365,1.2969863866660634,-1.5350707925288143,0.5208991854714285,-0.46427906028935506,0.7941240379928446,7,-0.48593391855917833,-0.10164285548953567
planning,182,7.507794640198696,2,12,3.584962500721156,0,0.0,0,0.0,0,0.0,12,0,1,0.0,12,3.584962500721156,0.08333333333333333,0.27894294565112987,0.2857142857142857,0.7142857142857143,0.5,0.30304576336566325,0.863120568566631,0,0,0.0,0.0,0,-0.584519982603644,1.8334445128670578,0.5393010854377375,0.693615413558764,-0.6417741197385615,0.4447668973067146,-0.16362552995848825,0.3217210329046373,6,-0.0015096806468642213,-0.10716712206558299
plant-margin,1600,10.643856189774725,100,64,6.0,0,0.0,0,0.0,0,0.0,64,0,1,0.0,64,6.0,0.015625,0.16666666666666666,0.01,0.01,0.009999999999999998,1.7434626923745965e-18,6.643856189774724,0,0,0.0,0.0,0,-0.16792618165417217,182.36841593569264,10.547111525989855,24.778671883942298,0.6879904393585088,12.449113577391635,2.2227720904711896,1.7841416986000789,37,0.33422683917931584,-1.026341661423159
plant-shape,1600,10.643856189774725,100,64,6.0,0,0.0,0,0.0,0,0.0,64,0,1,0.0,64,6.0,0.015625,0.16666666666666666,0.01,0.01,0.009999999999999998,1.7434626923745965e-18,6.643856189774724,0,0,0.0,0.0,0,-0.11726955479449064,8.412206618245825,3.8031949863927688,2.4613721478357333,0.2901467944756746,2.3068913947836753,1.3908571460723023,0.7075302880431548,3,1.2227573929432085,2.9638060622707414
plant-texture,1599,10.642954223480332,100,64,6.0,0,0.0,0,0.0,0,0.0,64,0,1,0.0,64,6.0,0.015625,0.16666666666666666,0.009380863039399626,0.010006253908692933,0.01,6.253908692933075e-05,6.643827670050608,0,0,0.0,0.0,0,0.9751119180964256,119.52665557451189,15.691938580689891,18.006705705718172,0.9591725581697907,8.900156885370869,3.143015853319291,1.4553620764907345,40,0.03344602808281937,-1.105628712786182
post-operative,90,6.491853096329675,3,8,3.0,0,0.0,0,0.0,0,0.0,8,0,1,0.0,8,3.0,0.125,0.3333333333333333,0.022222222222222223,0.7111111111111111,0.3333333333333333,0.3492496365667047,0.9803075405818108,0,0,0.0,0.0,0,-2.0459770114942533,9.571224292790117,0.9311556669854135,3.947268437419353,-1.006099257414696,2.139169345883177,0.020422939907210585,0.9684512464200763,8,0.03589231391532969,-0.10835931099511509
seeds,210,7.714245517666122,3,7,2.807354922057604,0,0.0,0,0.0,0,0.0,7,0,1,0.0,7,2.807354922057604,0.14285714285714285,0.3562071871080222,0.3333333333333333,0.3333333333333333,0.3333333333333333,0.0,1.584962500721156,0,0,0.0,0.0,0,-1.1067025440372886,-0.06660547877373091,-0.7317176098519733,0.4482896287734778,-0.5379540104196604,0.5618973328196374,0.26741886147196653,0.3806590406561544,3,0.3318722360131586,-1.1596875487993483
semeion,1593,10.63753055152531,10,256,8.0,0,0.0,0,0.0,0,0.0,256,0,1,0.0,256,8.0,0.00390625,0.125,0.0973006905210295,0.1016949152542373,0.1,0.0012915923299444219,3.32181948968678,0,0,0.0,0.0,0,-2.000995594421731,19.61550943202315,-0.9633611989432298,1.7704487411074454,-0.6138373506227653,4.646599171369217,0.8093820477591864,0.6198802752946531,162,0.5643220531937846,-0.18683005152666343
soybean,683,9.41574176829009,18,35,5.129283016944966,0,0.0,0,0.0,0,0.0,35,0,1,0.0,35,5.129283016944966,0.02857142857142857,0.1949590218937863,0.01171303074670571,0.13469985358711567,0.05555555555555555,0.044504168315867225,3.7832697149512797,0,0,0.0,0.0,0,-1.4389690350173607,327.27632199833545,16.725207290393623,55.637503029020436,-3.0189429648467763,17.980243962614743,2.102773613238734,3.5854463038242264,23,-0.005548492944642469,-1.2012417351259503
spambase,4601,12.167731741103244,2,57,5.832890014164741,0,0.0,0,0.0,0,0.0,57,0,1,0.0,57,5.832890014164741,0.017543859649122806,0.17144160057391347,0.39404477287546186,0.6059552271245382,0.5,0.14984331920384353,0.9673602371807666,0,0,0.0,0.0,0,5.25739413654326,1480.6415677293162,241.17010069371236,297.24065566756474,1.5916740210184648,31.062095194296266,11.186640132548542,6.958601497510161,48,8.152308542061421,88.5048415469735
spect,265,8.049848549450562,2,22,4.459431618637297,0,0.0,0,0.0,0,0.0,22,0,1,0.0,22,4.459431618637297,0.045454545454545456,0.22424382421757544,0.41509433962264153,0.5849056603773585,0.5,0.12007473642790427,0.9790981671667149,0,0,0.0,0.0,0,-1.3917526476430309,16.546303028332858,1.7712206315370438,4.933883651577898,-1.7285448060545694,3.7556067075064212,0.9673441499553955,1.2191180915734654,17,-0.4409581024261672,0.19527582161225698
spectf,267,8.060695931687555,2,44,5.459431618637297,0,0.0,0,0.0,0,0.0,44,0,1,0.0,44,5.459431618637297,0.022727272727272728,0.18316925091363362,0.20599250936329588,0.7940074906367042,0.5,0.41578938069770777,0.7337524087989602,0,0,0.0,0.0,0,0.9743518433185598,12.456546020521392,4.216409357256783,2.678894702626113,-2.736986231629507,-1.1101172858659412,-1.71114734820815,0.41112975073381947,21,-0.8544755124915403,0.8284452517472287
statlog-australian-credit,690,9.430452551665532,2,14,3.807354922057604,0,0.0,0,0.0,0,0.0,14,0,1,0.0,14,3.807354922057604,0.07142857142857142,0.26264953503719357,0.3217391304347826,0.6782608695652174,0.5,0.2520989393795517,0.90626268051371,0,0,0.0,0.0,0,-1.997137833690224,214.66976402008885,21.256801680667685,57.46658009180854,-1.9447254706547499,13.1406488594668,1.7479939579538173,3.7358152291181,12,0.642543899911084,-0.10155764052563176
statlog-german-credit,1000,9.965784284662087,2,24,4.584962500721156,0,0.0,0,0.0,0,0.0,24,0,1,0.0,24,4.584962500721156,0.041666666666666664,0.21810429198553155,0.3,0.7,0.5,0.282842712474619,0.8812908992306927,0,0,0.0,0.0,0,-1.8501438979806255,40.68618065120279,3.884053379751585,9.931999013090461,-2.8069294034131644,6.527236178583127,1.0422914454029761,2.092790575057249,20,0.25145050786394535,-0.04147614897017471
statlog-heart,270,8.076815597050832,2,13,3.700439718141092,0,0.0,0,0.0,0,0.0,13,0,1,0.0,13,3.700439718141092,0.07692307692307693,0.27023815442731974,0.4444444444444444,0.5555555555555556,0.5,0.07856742013183865,0.9910760598382222,0,0,0.0,0.0,0,-2.005357690861353,4.895592619784425,0.11514527788217853,1.9230907854434884,-0.878765982268958,1.9919705589929444,0.4269634160216521,0.8733983018679367,12,0.2989981111241359,-0.7711891490563669
statlog-image,2310,11.17367713630342,7,18,4.169925001442312,0,0.0,0,0.0,0,0.0,18,0,1,0.0,18,4.169925001442312,0.05555555555555555,0.23981246656813146,0.14285714285714285,0.14285714285714285,0.14285714285714282,2.997944808332385e-17,2.807354922057604,0,0,0.0,0.0,0,-1.2158710283357066,339.21999588721866,38.517130286827594,92.68079477048116,-0.8853610757146395,16.900909348743102,3.3209575998672505,4.852385065855891,10,0.8647586557262185,-0.38318862652494445
statlog-vehicle,846,9.72451385311995,4,18,4.169925001442312,0,0.0,0,0.0,0,0.0,18,0,1,0.0,18,4.169925001442312,0.05555555555555555,0.23981246656813146,0.23522458628841608,0.2576832151300236,0.25,0.010327298992971743,1.999066765534363,0,0,0.0,0.0,0,-0.9784721042945552,58.37551877782941,5.153142084632572,15.252116493455752,-0.2263453904888806,6.778397607527894,1.0415772814245945,1.6997425237874306,7,0.3696077477413179,-0.977357523474613
steel-plates,1941,10.922584402713664,7,27,4.754887502163468,0,0.0,0,0.0,0,0.0,27,0,1,0.0,27,4.754887502163468,0.037037037037037035,0.2103099178571525,0.02833590932509016,0.3467284904688305,0.14285714285714285,0.11490875828592285,2.410690442272441,0,0,0.0,0.0,0,-1.8563562772631927,1663.051232690117,109.58593704821187,346.1411880688365,-0.9285825422313154,39.29314772721087,3.7412453476588925,8.644048210973645,13,2.211607439457057,15.32445532406982
synthetic-control,600,9.228818690495881,6,60,5.906890595608519,0,0.0,0,0.0,0,0.0,60,0,1,0.0,60,5.906890595608519,0.016666666666666666,0.16929380759878143,0.16666666666666666,0.16666666666666666,0.16666666666666666,0.0,2.584962500721156,0,0,0.0,0.0,0,-1.2148845492089764,0.5983184310211893,-0.5574061941140466,0.6030133096088516,-0.6919908750882182,0.9337734208586312,0.03400470532444105,0.2911635422263668,29,-0.02435422749316226,-0.8703113210450746
teaching,151,7.2384047393250786,3,5,2.321928094887362,0,0.0,0,0.0,0,0.0,5,0,1,0.0,5,2.321928094887362,0.2,0.43067655807339306,0.32450331125827814,0.3443708609271523,0.3333333333333333,0.01011606113676785,1.5845209168501238,0,0,0.0,0.0,0,-1.1542106343423821,1.8449043860755987,0.06847010465863193,1.1548844214554461,-1.954646521637711,0.8701680789837302,-0.4347478362089306,1.2624606126381692,5,-0.7200780444841582,0.10265565056271342
tic-tac-toe,958,9.90388184573618,2,9,3.169925001442312,0,0.0,0,0.0,0,0.0,9,0,1,0.0,9,3.169925001442312,0.1111111111111111,0.31546487678572877,0.3465553235908142,0.6534446764091858,0.5,0.21700354245182146,0.9309539862507961,0,0,0.0,0.0,0,-1.735727845151808,-1.6379573927173445,-1.6751074591024309,0.0373002274343804,0.09623226674698337,0.2449767464101505,0.1453942549073624,0.05236852927802431,8,-1.036300808050373e-16,-0.8243373160561913
titanic,2201,11.103943429891558,2,3,1.584962500721156,0,0.0,0,0.0,0,0.0,3,0,1,0.0,3,1.584962500721156,0.3333333333333333,0.6309297535714575,0.3230349840981372,0.6769650159018628,0.5,0.25026632555398476,0.9076514058796559,0,0,0.0,0.0,0,-0.7616663781431003,15.282182975315909,4.825880711144426,9.062552523094212,-1.3989872484852195,4.15551407338731,0.6851741704663427,3.025597350232794,3,-0.8891654174292054,-0.4072986754876524
vertebral-column-2clases,310,8.276124405274238,2,6,2.584962500721156,0,0.0,0,0.0,0,0.0,6,0,1,0.0,6,2.584962500721156,0.16666666666666666,0.38685280723454163,0.3225806451612903,0.6774193548387096,0.5,0.2509088578403878,0.907165767573082,0,0,0.0,0.0,0,0.16166725590232955,38.06777446812945,7.178641928946053,15.168477360222512,-0.17693038805823605,4.317874311348369,1.1216595726700505,1.6026706127454262,5,0.6363627422630344,0.8290929973643264
vertebral-column-3clases,310,8.276124405274238,3,6,2.584962500721156,0,0.0,0,0.0,0,0.0,6,0,1,0.0,6,2.584962500721156,0.16666666666666666,0.38685280723454163,0.1935483870967742,0.4838709677419355,0.3333333333333333,0.14545966944589983,1.4918603462795095,0,0,0.0,0.0,0,0.16166725590232955,38.06777446812945,7.178641928946053,15.168477360222512,-0.17693038805823605,4.317874311348369,1.1216595726700505,1.6026706127454262,5,0.6363627422630344,0.8290929973643264
wall-following,5456,12.413627929024173,4,24,4.584962500721156,0,0.0,0,0.0,0,0.0,24,0,1,0.0,24,4.584962500721156,0.041666666666666664,0.21810429198553155,0.060117302052785926,0.4041422287390029,0.25,0.17086824003104314,1.7146327422659768,0,0,0.0,0.0,0,-1.6045954777680091,14.349582040829329,2.3688225847756805,4.660114740070897,0.01756420599015469,3.830140206156818,1.5222576287932992,1.0860666375311712,21,-0.6512940885121176,-0.45138711982042246
waveform,5000,12.287712379549449,3,21,4.392317422778761,0,0.0,0,0.0,0,0.0,21,0,1,0.0,21,4.392317422778761,0.047619047619047616,0.227670248696953,0.3294,0.3392,0.3333333333333333,0.005178159261101699,1.584846735330562,0,0,0.0,0.0,0,-0.6715952122165421,0.11161934339405288,-0.3512515714891191,0.24667659671170014,-0.2436451658543853,0.2998510738587507,0.07515410956280956,0.15756733818673793,18,-0.0010526089609046723,-1.0678052797939197
waveform-noise,5000,12.287712379549449,3,40,5.321928094887363,0,0.0,0,0.0,0,0.0,40,0,1,0.0,40,5.321928094887363,0.025,0.18790182470910757,0.3306,0.3384,0.3333333333333333,0.004392417709341084,1.5848792049207134,0,0,0.0,0.0,0,-0.6790516422341808,0.15060728801714074,-0.1964174099506319,0.2632280859114594,-0.2720308217718318,0.27203716072894635,0.03546818846307252,0.11955857175735024,34,-0.028374335233849204,-1.0752002312226283
wine,178,7.475733430966398,3,13,3.700439718141092,0,0.0,0,0.0,0,0.0,13,0,1,0.0,13,3.700439718141092,0.07692307692307693,0.27023815442731974,0.2696629213483146,0.398876404494382,0.3333333333333333,0.06462709335856702,1.5668222768551812,0,0,0.0,0.0,0,-1.0864343843500222,2.104998707398107,0.006743135080971019,0.9348111869536583,-0.30728599577816346,1.0981931029175795,0.35016928424310695,0.47339214214457304,10,-0.10148077666765878,-1.255369552976652
wine-quality-red,1599,10.642954223480332,6,11,3.4594316186372973,0,0.0,0,0.0,0,0.0,11,0,1,0.0,11,3.4594316186372973,0.09090909090909091,0.2890648263178879,0.006253908692933083,0.425891181988743,0.16666666666666666,0.19527933791409863,1.7090616375059242,0,0,0.0,0.0,0,-0.7889986113267264,41.71587411059654,8.308806027937893,14.002593899367925,0.07128784698542717,5.680351111860314,1.6831145709934914,1.8380241517839937,9,0.42629640903441934,0.318811320264627
wine-quality-white,4898,12.257977058563979,7,11,3.4594316186372973,0,0.0,0,0.0,0,0.0,11,0,1,0.0,11,3.4594316186372973,0.09090909090909091,0.2890648263178879,0.0010208248264597796,0.44875459371171905,0.14285714285714285,0.17401737915645615,1.8617149332355558,0,0,0.0,0.0,0,-0.6984246608068108,37.56468634187704,7.066237165465361,10.833719295836405,0.3907099018389788,5.023335248969802,1.3004211642616055,1.2973573613505454,9,0.3452489951264386,-0.20705112258432434
yeast,1484,10.535275376620802,10,8,3.0,0,0.0,0,0.0,0,0.0,8,0,1,0.0,8,3.0,0.125,0.3333333333333333,0.0033692722371967657,0.3119946091644205,0.1,0.11701212941368597,2.4904176362327277,0,0,0.0,0.0,0,0.45906039160951595,105.7386020101246,28.660863222699565,46.354220874648654,-1.7916393002918882,10.276878929747536,2.9128266989159064,4.6700194725019655,8,0.5896399783775518,0.7435780605259805
zoo,101,6.658211482751795,7,16,4.0,0,0.0,0,0.0,0,0.0,16,0,1,0.0,16,4.0,0.0625,0.25,0.039603960396039604,0.40594059405940597,0.14285714285714285,0.12767506756884595,2.390559682294039,0,0,0.0,0.0,0,-1.9903358168664287,8.168668249313411,-0.06295921896203638,2.6488646997990277,-1.7071180337712302,3.1634279702946673,0.4008840389753521,1.3429676672022095,10,0.31610181568047485,-1.6552803774365972
